[{"Name":"L1","WorkHours":"10-22","Books":[{"$type":"fiction book","Genre":"G1","Title":"F1","Author":"A1","Status":false,"Pages":98},{"$type":"fiction book","Genre":"G4","Title":"F4","Author":"A4","Status":true,"Pages":10},{"$type":"fiction book","Genre":"G1","Title":"F7","Author":"A7","Status":false,"Pages":189},{"$type":"fiction book","Genre":"G4","Title":"F10","Author":"A10","Status":true,"Pages":69},{"$type":"fiction book","Genre":"G5","Title":"F13","Author":"A13","Status":false,"Pages":427},{"$type":"non-fiction book","AgeGroup":"Old","Title":"N1","Author":"NA1","Status":true,"Pages":1093},{"$type":"non-fiction book","AgeGroup":"Old","Title":"N4","Author":"NA4","Status":false,"Pages":103},{"$type":"non-fiction book","AgeGroup":"young","Title":"N7","Author":"NA7","Status":true,"Pages":19},{"$type":"non-fiction book","AgeGroup":"young","Title":"N10","Author":"NA10","Status":true,"Pages":109},{"$type":"non-fiction book","AgeGroup":"Old","Title":"N13","Author":"NA13","Status":true,"Pages":1543},{"$type":"fiction book","Genre":"G6","Title":"F16","Author":"A16","Status":true,"Pages":980},{"$type":"fiction book","Genre":"G1","Title":"F19","Author":"A19","Status":true,"Pages":109},{"$type":"fiction book","Genre":"G3","Title":"F22","Author":"A22","Status":false,"Pages":666},{"$type":"non-fiction book","AgeGroup":"medium","Title":"N18","Author":"NA18","Status":true,"Pages":199},{"$type":"non-fiction book","AgeGroup":"medium","Title":"N21","Author":"NA21","Status":true,"Pages":777}]},{"Name":"L2","WorkHours":"11-20","Books":[{"$type":"fiction book","Genre":"G2","Title":"F2","Author":"A2","Status":true,"Pages":1010},{"$type":"fiction book","Genre":"G1","Title":"F5","Author":"A5","Status":false,"Pages":190},{"$type":"fiction book","Genre":"G4","Title":"F8","Author":"A8","Status":true,"Pages":1234},{"$type":"fiction book","Genre":"G1","Title":"F11","Author":"A11","Status":true,"Pages":178},{"$type":"fiction book","Genre":"G4","Title":"F14","Author":"A14","Status":true,"Pages":785},{"$type":"non-fiction book","AgeGroup":"young","Title":"N2","Author":"NA2","Status":true,"Pages":10},{"$type":"non-fiction book","AgeGroup":"Old","Title":"N5","Author":"NA5","Status":true,"Pages":104},{"$type":"non-fiction book","AgeGroup":"Old","Title":"N8","Author":"NA8","Status":false,"Pages":99},{"$type":"non-fiction book","AgeGroup":"young","Title":"N11","Author":"NA11","Status":true,"Pages":18},{"$type":"non-fiction book","AgeGroup":"Old","Title":"N14","Author":"NA14","Status":false,"Pages":198},{"$type":"fiction book","Genre":"G7","Title":"F17","Author":"A17","Status":true,"Pages":101},{"$type":"fiction book","Genre":"G2","Title":"F20","Author":"A20","Status":true,"Pages":170},{"$type":"non-fiction book","AgeGroup":"Old","Title":"N16","Author":"NA16","Status":true,"Pages":119},{"$type":"non-fiction book","AgeGroup":"Old","Title":"N19","Author":"NA19","Status":false,"Pages":66},{"$type":"non-fiction book","AgeGroup":"young","Title":"N22","Author":"NA22","Status":false,"Pages":88}]},{"Name":"L3","WorkHours":"8-19","Books":[{"$type":"fiction book","Genre":"G3","Title":"F3","Author":"A3","Status":true,"Pages":1874},{"$type":"fiction book","Genre":"G6","Title":"F6","Author":"A6","Status":false,"Pages":1009},{"$type":"fiction book","Genre":"G5","Title":"F9","Author":"A9","Status":false,"Pages":45},{"$type":"fiction book","Genre":"G2","Title":"F12","Author":"A12","Status":false,"Pages":472},{"$type":"fiction book","Genre":"G6","Title":"F15","Author":"A15","Status":false,"Pages":893},{"$type":"non-fiction book","AgeGroup":"medium","Title":"N3","Author":"NA3","Status":true,"Pages":102},{"$type":"non-fiction book","AgeGroup":"medium","Title":"N6","Author":"NA6","Status":true,"Pages":1000},{"$type":"non-fiction book","AgeGroup":"medium","Title":"N9","Author":"NA9","Status":true,"Pages":80},{"$type":"non-fiction book","AgeGroup":"medium","Title":"N12","Author":"NA12","Status":true,"Pages":34},{"$type":"non-fiction book","AgeGroup":"medium","Title":"N15","Author":"NA15","Status":true,"Pages":204},{"$type":"fiction book","Genre":"G1","Title":"F18","Author":"A18","Status":true,"Pages":184},{"$type":"fiction book","Genre":"G4","Title":"F21","Author":"A21","Status":false,"Pages":893},{"$type":"non-fiction book","AgeGroup":"young","Title":"N17","Author":"NA17","Status":true,"Pages":193},{"$type":"non-fiction book","AgeGroup":"Old","Title":"N20","Author":"NA20","Status":true,"Pages":666},{"$type":"non-fiction book","AgeGroup":"Old","Title":"N23","Author":"NA23","Status":true,"Pages":999}]}]