[{"Name":"L1","WorkHours":"10-22","Books":[{"$type":"fiction book","Genre":"G1","Title":"F1","Author":"A1","Status":true,"Pages":98},{"$type":"fiction book","Genre":"G4","Title":"F4","Author":"A4","Status":true,"Pages":10},{"$type":"fiction book","Genre":"G1","Title":"F7","Author":"A7","Status":true,"Pages":189},{"$type":"fiction book","Genre":"G4","Title":"F10","Author":"A10","Status":true,"Pages":69},{"$type":"fiction book","Genre":"G5","Title":"F13","Author":"A13","Status":true,"Pages":427},{"$type":"non-fiction book","AgeGroup":"Old","Title":"N1","Author":"NA1","Status":true,"Pages":1093},{"$type":"non-fiction book","AgeGroup":"Old","Title":"N4","Author":"NA4","Status":true,"Pages":103},{"$type":"non-fiction book","AgeGroup":"young","Title":"N7","Author":"NA7","Status":true,"Pages":19},{"$type":"non-fiction book","AgeGroup":"young","Title":"N10","Author":"NA10","Status":true,"Pages":109},{"$type":"non-fiction book","AgeGroup":"Old","Title":"N13","Author":"NA13","Status":true,"Pages":1543}]},{"Name":"L2","WorkHours":"11-20","Books":[{"$type":"fiction book","Genre":"G2","Title":"F2","Author":"A2","Status":true,"Pages":1010},{"$type":"fiction book","Genre":"G1","Title":"F5","Author":"A5","Status":true,"Pages":190},{"$type":"fiction book","Genre":"G4","Title":"F8","Author":"A8","Status":true,"Pages":1234},{"$type":"fiction book","Genre":"G1","Title":"F11","Author":"A11","Status":true,"Pages":178},{"$type":"fiction book","Genre":"G4","Title":"F14","Author":"A14","Status":true,"Pages":785},{"$type":"non-fiction book","AgeGroup":"young","Title":"N2","Author":"NA2","Status":true,"Pages":10},{"$type":"non-fiction book","AgeGroup":"Old","Title":"N5","Author":"NA5","Status":true,"Pages":104},{"$type":"non-fiction book","AgeGroup":"Old","Title":"N8","Author":"NA8","Status":true,"Pages":99},{"$type":"non-fiction book","AgeGroup":"young","Title":"N11","Author":"NA11","Status":true,"Pages":18},{"$type":"non-fiction book","AgeGroup":"Old","Title":"N14","Author":"NA14","Status":true,"Pages":198}]},{"Name":"L3","WorkHours":"8-19","Books":[{"$type":"fiction book","Genre":"G3","Title":"F3","Author":"A3","Status":true,"Pages":1874},{"$type":"fiction book","Genre":"G6","Title":"F6","Author":"A6","Status":true,"Pages":1009},{"$type":"fiction book","Genre":"G5","Title":"F9","Author":"A9","Status":true,"Pages":45},{"$type":"fiction book","Genre":"G2","Title":"F12","Author":"A12","Status":true,"Pages":472},{"$type":"fiction book","Genre":"G6","Title":"F15","Author":"A15","Status":true,"Pages":893},{"$type":"non-fiction book","AgeGroup":"medium","Title":"N3","Author":"NA3","Status":true,"Pages":102},{"$type":"non-fiction book","AgeGroup":"medium","Title":"N6","Author":"NA6","Status":true,"Pages":1000},{"$type":"non-fiction book","AgeGroup":"medium","Title":"N9","Author":"NA9","Status":true,"Pages":80},{"$type":"non-fiction book","AgeGroup":"medium","Title":"N12","Author":"NA12","Status":true,"Pages":34},{"$type":"non-fiction book","AgeGroup":"medium","Title":"N15","Author":"NA15","Status":true,"Pages":204}]}]